date,new_cases
1/22/2020,0
1/23/2020,0
1/24/2020,0
1/25/2020,0
1/26/2020,0
1/27/2020,0
1/28/2020,0
1/29/2020,0
1/30/2020,0
1/31/2020,0
2/1/2020,0
2/2/2020,0
2/3/2020,0
2/4/2020,0
2/5/2020,0
2/6/2020,0
2/7/2020,0
2/8/2020,0
2/9/2020,0
2/10/2020,0
2/11/2020,0
2/12/2020,0
2/13/2020,0
2/14/2020,0
2/15/2020,0
2/16/2020,0
2/17/2020,0
2/18/2020,0
2/19/2020,0
2/20/2020,0
2/21/2020,0
2/22/2020,0
2/23/2020,0
2/24/2020,0
2/25/2020,0
2/26/2020,0
2/27/2020,0
2/28/2020,0
2/29/2020,0
3/1/2020,0
3/2/2020,0
3/3/2020,0
3/4/2020,0
3/5/2020,0
3/6/2020,1
3/7/2020,0
3/8/2020,0
3/9/2020,0
3/10/2020,0
3/11/2020,4
3/12/2020,0
3/13/2020,1
3/14/2020,0
3/15/2020,3
3/16/2020,1
3/17/2020,4
3/18/2020,11
3/19/2020,13
3/20/2020,8
3/21/2020,7
3/22/2020,13
3/23/2020,39
3/24/2020,31
3/25/2020,18
3/26/2020,23
3/27/2020,38
3/28/2020,47
3/29/2020,46
3/30/2020,36
3/31/2020,70
4/1/2020,37
4/2/2020,32
4/3/2020,172
4/4/2020,60
4/5/2020,71
4/6/2020,94
4/7/2020,226
4/8/2020,115
4/9/2020,99
4/10/2020,154
4/11/2020,138
4/12/2020,108
4/13/2020,146
4/14/2020,195
4/15/2020,62
4/16/2020,113
4/17/2020,286
4/18/2020,118
4/19/2020,202
4/20/2020,188
4/21/2020,278
4/22/2020,128
4/23/2020,143
4/24/2020,136
4/25/2020,456
4/26/2020,130
4/27/2020,403
4/28/2020,108
4/29/2020,38
4/30/2020,196
5/1/2020,131
5/2/2020,151
5/3/2020,302
5/4/2020,216
5/5/2020,165
5/6/2020,191
5/7/2020,174
5/8/2020,166
5/9/2020,123
5/10/2020,487
5/11/2020,116
5/12/2020,66
5/13/2020,62
5/14/2020,119
5/15/2020,447
5/16/2020,139
5/17/2020,189
5/18/2020,110
5/19/2020,76
5/20/2020,100
5/21/2020,132
5/22/2020,111
5/23/2020,135
5/24/2020,157
5/25/2020,94
5/26/2020,35
5/27/2020,76
5/28/2020,81
5/29/2020,157
5/30/2020,70
5/31/2020,127
6/1/2020,58
6/2/2020,36
6/3/2020,43
6/4/2020,58
6/5/2020,76
6/6/2020,81
6/7/2020,46
6/8/2020,53
6/9/2020,36
6/10/2020,69
6/11/2020,56
6/12/2020,60
6/13/2020,42
6/14/2020,76
6/15/2020,60
6/16/2020,47
6/17/2020,63
6/18/2020,40
6/19/2020,49
6/20/2020,89
6/21/2020,45
6/22/2020,47
6/23/2020,44
6/24/2020,98
6/25/2020,84
6/26/2020,111
6/27/2020,134
6/28/2020,156
6/29/2020,80
6/30/2020,40
7/1/2020,186
7/2/2020,158
7/3/2020,74
7/4/2020,207
7/5/2020,111
7/6/2020,119
7/7/2020,54
7/8/2020,74
7/9/2020,143
7/10/2020,114
7/11/2020,217
7/12/2020,179
7/13/2020,125
7/14/2020,94
7/15/2020,79
7/16/2020,126
7/17/2020,79
7/18/2020,85
7/19/2020,115
7/20/2020,144
7/21/2020,59
7/22/2020,149
7/23/2020,76
7/24/2020,113
7/25/2020,117
7/26/2020,112
7/27/2020,71
7/28/2020,142
7/29/2020,90
7/30/2020,96
7/31/2020,90
8/1/2020,94
8/2/2020,110
8/3/2020,77
8/4/2020,63
8/5/2020,70
8/6/2020,86
8/7/2020,60
8/8/2020,54
8/9/2020,70
8/10/2020,69
8/11/2020,68
8/12/2020,94
8/13/2020,73
8/14/2020,69
8/15/2020,57
8/16/2020,90
8/17/2020,55
8/18/2020,45
8/19/2020,85
8/20/2020,56
8/21/2020,83
8/22/2020,89
8/23/2020,68
8/24/2020,80
8/25/2020,69
8/26/2020,67
8/27/2020,130
8/28/2020,103
8/29/2020,109
8/30/2020,100
8/31/2020,96
9/1/2020,67
9/2/2020,112
9/3/2020,91
9/4/2020,148
9/5/2020,109
9/6/2020,82
9/7/2020,62
9/8/2020,68
9/9/2020,103
9/10/2020,103
9/11/2020,132
9/12/2020,135
9/13/2020,102
9/14/2020,84
9/15/2020,85
9/16/2020,90
9/17/2020,143
9/18/2020,82
9/19/2020,120
9/20/2020,101
9/21/2020,90
9/22/2020,82
9/23/2020,121
9/24/2020,122
9/25/2020,89
9/26/2020,101
9/27/2020,145
9/28/2020,95
9/29/2020,99
9/30/2020,178
10/1/2020,141
10/2/2020,174
10/3/2020,122
10/4/2020,157
10/5/2020,87
10/6/2020,130
10/7/2020,99
10/8/2020,157
10/9/2020,181
10/10/2020,132
10/11/2020,159
10/12/2020,103
10/13/2020,71
10/14/2020,91
10/15/2020,164
10/16/2020,239
10/17/2020,147
10/18/2020,104
10/19/2020,114
10/20/2020,58
10/21/2020,141
10/22/2020,169
10/23/2020,159
10/24/2020,123
10/25/2020,203
10/26/2020,86
10/27/2020,135
10/28/2020,158
10/29/2020,191
10/30/2020,199
10/31/2020,186
11/1/2020,185
11/2/2020,101
11/3/2020,117
11/4/2020,220
11/5/2020,295
11/6/2020,217
11/7/2020,314
11/8/2020,314
11/9/2020,206
11/10/2020,240
11/11/2020,197
11/12/2020,463
11/13/2020,381
11/14/2020,401
11/15/2020,402
11/16/2020,363
11/17/2020,222
11/18/2020,395
11/19/2020,644
11/20/2020,519
11/21/2020,497
11/22/2020,387
11/23/2020,447
11/24/2020,314
11/25/2020,589
11/26/2020,577
11/27/2020,511
11/28/2020,610
11/29/2020,422
11/30/2020,682
12/1/2020,368
12/2/2020,789
12/3/2020,928
12/4/2020,696
12/5/2020,804
12/6/2020,830
12/7/2020,731
12/8/2020,940
12/9/2020,646
12/10/2020,795
12/11/2020,1090
12/12/2020,618
12/13/2020,1042
12/14/2020,718
12/15/2020,846
12/16/2020,878
12/17/2020,355
12/18/2020,1047
12/19/2020,501
12/20/2020,478
12/21/2020,593
12/22/2020,630
12/23/2020,806
12/24/2020,648
12/25/2020,831
12/26/2020,593
12/27/2020,478
12/28/2020,724
12/29/2020,417
12/30/2020,883
12/31/2020,626
1/1/2021,823
1/2/2021,628
1/3/2021,876
1/4/2021,787
1/5/2021,630
1/6/2021,1195
1/7/2021,573
1/8/2021,1009
1/9/2021,838
1/10/2021,715
1/11/2021,561
1/12/2021,750
1/13/2021,893
1/14/2021,678
1/15/2021,694
1/16/2021,961
1/17/2021,650
1/18/2021,419
1/19/2021,481
1/20/2021,755
1/21/2021,713
1/22/2021,683
1/23/2021,675
1/24/2021,624
1/25/2021,306
1/26/2021,354
1/27/2021,664
1/28/2021,447
1/29/2021,621
1/30/2021,536
1/31/2021,437
2/1/2021,214
2/2/2021,286
2/3/2021,256
2/4/2021,366
2/5/2021,573
2/6/2021,501
2/7/2021,363
2/8/2021,286
2/9/2021,268
2/10/2021,449
2/11/2021,391
2/12/2021,427
2/13/2021,349
2/14/2021,253
2/15/2021,139
2/16/2021,224
2/17/2021,294
2/18/2021,325
2/19/2021,341
2/20/2021,214
2/21/2021,351
2/22/2021,137
2/23/2021,263
2/24/2021,293
2/25/2021,308
2/26/2021,435
2/27/2021,291
2/28/2021,291
3/1/2021,136
3/2/2021,251
3/3/2021,231
3/4/2021,221
3/5/2021,256
3/6/2021,233
3/7/2021,214
3/8/2021,117
3/9/2021,203
3/10/2021,186
3/11/2021,208
3/12/2021,237
3/13/2021,198
3/14/2021,229
3/15/2021,137
3/16/2021,131
3/17/2021,287
3/18/2021,202
3/19/2021,262
3/20/2021,337
3/21/2021,142
3/22/2021,179
3/23/2021,198
3/24/2021,216
3/25/2021,305
3/26/2021,356
3/27/2021,366
3/28/2021,331
3/29/2021,188
3/30/2021,256
3/31/2021,380
4/1/2021,382
4/2/2021,486
4/3/2021,294
4/4/2021,211
4/5/2021,233
4/6/2021,237
4/7/2021,329
4/8/2021,376
4/9/2021,422
4/10/2021,349
4/11/2021,347
4/12/2021,215
4/13/2021,371
4/14/2021,397
4/15/2021,402
4/16/2021,445
4/17/2021,379
4/18/2021,401
4/19/2021,164
4/20/2021,292
4/21/2021,280
4/22/2021,343
4/23/2021,333
4/24/2021,291
4/25/2021,247
4/26/2021,142
4/27/2021,229
4/28/2021,193
4/29/2021,342
4/30/2021,221
5/1/2021,285
5/2/2021,158
5/3/2021,141
5/4/2021,189
5/5/2021,168
5/6/2021,203
5/7/2021,169
5/8/2021,205
5/9/2021,102
5/10/2021,92
5/11/2021,108
5/12/2021,135
5/13/2021,131
5/14/2021,164
5/15/2021,126
5/16/2021,83
5/17/2021,88
5/18/2021,95
5/19/2021,101
5/20/2021,139
5/21/2021,112
5/22/2021,82
5/23/2021,47
5/24/2021,74
5/25/2021,51
5/26/2021,75
5/27/2021,68
5/28/2021,104
5/29/2021,48
5/30/2021,46
5/31/2021,30
6/1/2021,17
6/2/2021,18
6/3/2021,46
6/4/2021,48
6/5/2021,65
6/6/2021,56
6/7/2021,41
6/8/2021,21
6/9/2021,37
6/10/2021,33
6/11/2021,38
6/12/2021,26
6/13/2021,36
6/14/2021,21
6/15/2021,42
6/16/2021,-3
6/17/2021,52
6/18/2021,78
6/19/2021,4
6/20/2021,4
6/21/2021,8
6/22/2021,13
6/23/2021,22
6/24/2021,21
6/25/2021,16
6/26/2021,21
6/27/2021,25
6/28/2021,18
6/29/2021,12
6/30/2021,32
7/1/2021,26
7/2/2021,50
7/3/2021,26
7/4/2021,29
7/5/2021,16
7/6/2021,9
7/7/2021,15
7/8/2021,16
7/9/2021,55
7/10/2021,33
7/11/2021,55
7/12/2021,19
7/13/2021,19
7/14/2021,70
7/15/2021,49
7/16/2021,39
7/17/2021,69
7/18/2021,48
7/19/2021,36
7/20/2021,34
7/21/2021,45
7/22/2021,71
7/23/2021,65
7/24/2021,91
7/25/2021,68
7/26/2021,65
7/27/2021,81
7/28/2021,73
7/29/2021,113
7/30/2021,146
7/31/2021,132
8/1/2021,156
8/2/2021,118
8/3/2021,81
8/4/2021,122
8/5/2021,186
8/6/2021,228
8/7/2021,260
8/8/2021,214
8/9/2021,195
8/10/2021,123
8/11/2021,161
8/12/2021,331
8/13/2021,271
8/14/2021,334
8/15/2021,299
8/16/2021,284
8/17/2021,142
8/18/2021,324
8/19/2021,429
8/20/2021,408
8/21/2021,388
8/22/2021,310
8/23/2021,280
8/24/2021,195
8/25/2021,341
8/26/2021,429
8/27/2021,528
8/28/2021,382
8/29/2021,300
8/30/2021,394
8/31/2021,232
9/1/2021,328
9/2/2021,547
9/3/2021,556
9/4/2021,461
9/5/2021,367
9/6/2021,259
9/7/2021,348
9/8/2021,238
9/9/2021,352
9/10/2021,650
9/11/2021,617
9/12/2021,530
9/13/2021,444
9/14/2021,249
9/15/2021,252
9/16/2021,554
9/17/2021,618
9/18/2021,581
9/19/2021,450
9/20/2021,439
9/21/2021,272
9/22/2021,267
9/23/2021,643
9/24/2021,570
9/25/2021,599
9/26/2021,381
9/27/2021,424
9/28/2021,290
9/29/2021,294
9/30/2021,531
10/1/2021,636
10/2/2021,618
10/3/2021,402
10/4/2021,365
10/5/2021,283
10/6/2021,428
10/7/2021,471
10/8/2021,516
10/9/2021,606
10/10/2021,311
10/11/2021,359
10/12/2021,165
10/13/2021,321
10/14/2021,494
10/15/2021,442
10/16/2021,494
10/17/2021,293
10/18/2021,295
10/19/2021,189
10/20/2021,293
10/21/2021,379
10/22/2021,394
10/23/2021,341
10/24/2021,296
10/25/2021,246
10/26/2021,107
10/27/2021,262
10/28/2021,312
10/29/2021,282
10/30/2021,387
10/31/2021,248
11/1/2021,199
11/2/2021,76
